drug_id,smiles
Durg::0,CC(=O)N[C@H](Cc1ccc2ccccc2c1)C(=O)N[C@H](Cc1ccc(Cl)cc1)C(=O)N[C@H](Cc1cccnc1)C(=O)N[C@@H](CO)C(=O)N[C@@H](Cc1ccc(O)cc1)C(=O)N[C@H](CCCNC(N)=O)C(=O)N[C@@H](CC(C)C)C(=O)N[C@@H](CCCNC(=N)N)C(=O)N1CCC[C@H]1C(=O)N[C@H](C)C(N)=O
Durg::1,Cc1ncc(C[n+]2csc(CCO)c2C)c(N)n1
Durg::2,CC1=C(/C=C/C(C)=C/C=C/C(C)=C/CO)C(C)(C)CCC1
Durg::3,CC[C@H](C)C(=O)O[C@H]1C[C@H](O)C=C2C=C[C@H](C)[C@H](CC[C@@H](O)C[C@@H](O)CC(=O)O)[C@H]21
Durg::4,COCCCC/C(=N\OCCN)c1ccc(C(F)(F)F)cc1
Durg::5,CCCCC(=O)N(Cc1ccc(-c2ccccc2-c2nn[nH]n2)cc1)[C@H](C(=O)O)C(C)C
Durg::6,CCOC(=O)[C@H](CCc1ccccc1)N[C@@H](C)C(=O)N1[C@H](C(=O)O)C[C@@H]2CCC[C@@H]21
Durg::7,CC1(C)O[C@@H]2C[C@H]3[C@@H]4C[C@H](F)C5=CC(=O)C=C[C@]5(C)[C@H]4[C@@H](O)C[C@]3(C)[C@]2(C(=O)CO)O1
Durg::8,NCC(CC(=O)O)c1ccc(Cl)cc1
Durg::9,CC(N)Cc1ccccc1
Durg::10,CN1CCC[C@H]1c1cccnc1
Durg::11,CC1O[C@@]2(CS1)CN1CCC2CC1
Durg::12,O=C1Nc2ccc(Cl)cc2C(c2ccccc2Cl)=NC1O
Durg::13,COC(=O)CCc1ccc(OCC(O)CNC(C)C)cc1
Durg::14,CC(C)C[C@H](NC(=O)[C@H](Cc1ccccc1)NC(=O)c1cnccn1)B(O)O
Durg::15,CC(C)(N)Cc1ccccc1
Durg::16,COc1cccc([C@@]2(O)CCCC[C@@H]2CN(C)C)c1
Durg::17,CC(C)NCC(O)COc1ccc(CCOCC2CC2)cc1
Durg::18,OC(Cn1cncn1)(Cn1cncn1)c1ccc(F)cc1F
Durg::19,Cc1c(C)c2c(c(C)c1O)CCC(C)(COc1ccc(CC3SC(=O)NC3=O)cc1)O2
Durg::20,CCOC(=O)C1=C[C@@H](OC(CC)CC)[C@H](NC(C)=O)[C@@H](N)C1
Durg::21,CC[C@H]1OC(=O)[C@H](C)[C@@H](O[C@H]2C[C@@](C)(OC)[C@@H](O)[C@H](C)O2)[C@H](C)[C@@H](O[C@@H]2O[C@H](C)C[C@H](N(C)C)[C@H]2O)[C@](C)(O)C[C@@H](C)C(=O)[C@H](C)[C@@H](O)[C@]1(C)O
Durg::22,CC1=C2[N+]3=C(C=C4[N+]5=C(C(C)=C6N7[C@@H]8[C@H](CC(N)=O)[C@@]6(C)CCC(=O)NC[C@@H](C)OP(=O)([O-])O[C@@H]6[C@@H](CO)O[C@@H]([C@@H]6O)n6c[n+](c9cc(C)c(C)cc96)[Co-3]753(O)[N+]3=C1[C@@H](CCC(N)=O)[C@](C)(CC(N)=O)[C@]83C)[C@@H](CCC(N)=O)C4(C)C)[C@@H](CCC(N)=O)[C@]2(C)CC(N)=O
Durg::23,Cn1c(=O)c2c(ncn2C)n(C)c1=O
Durg::24,C[N+](C)(C)CCOC(=O)CCC(=O)OCC[N+](C)(C)C
Durg::25,CCCc1nn(C)c2c(=O)[nH]c(-c3cc(S(=O)(=O)N4CCN(C)CC4)ccc3OCC)nc12
Durg::26,CN(CCOc1ccc(NS(C)(=O)=O)cc1)CCc1ccc(NS(C)(=O)=O)cc1
Durg::27,CCc1nc(N)nc(N)c1-c1ccc(Cl)cc1
Durg::28,COC(=O)[C@H]1[C@H]2C[C@@H]3c4[nH]c5cc(OC)ccc5c4CCN3C[C@H]2C[C@@H](OC(=O)c2cc(OC)c(OC)c(OC)c2)[C@@H]1OC
Durg::29,CC[C@H]1OC(=O)[C@H](C)[C@@H](O[C@H]2C[C@@](C)(OC)[C@@H](O)[C@H](C)O2)[C@H](C)[C@@H](O[C@@H]2O[C@H](C)C[C@H](N(C)C)[C@H]2O)[C@](C)(O)C[C@@H](C)CN(C)[C@H](C)[C@@H](O)[C@]1(C)O
Durg::30,Clc1ccccc1CN1CCc2sccc2C1
Durg::31,COc1ccc(-c2ccc3cc(C(=O)O)ccc3c2)cc1C12CC3CC(CC(C3)C1)C2
Durg::32,COc1ccc(OC)c(C(O)CNC(=O)CN)c1
Durg::33,COc1ccnc(CS(=O)c2nc3ccc(OC(F)F)cc3[nH]2)c1OC
Durg::34,CN(C)CCCC1(c2ccc(F)cc2)OCc2cc(C#N)ccc21
Durg::35,CN1CCC[C@@H]1Cc1c[nH]c2ccc(CCS(=O)(=O)c3ccccc3)cc12
Durg::36,COc1c(N2C[C@@H]3CCCN[C@@H]3C2)c(F)cc2c(=O)c(C(=O)O)cn(C3CC3)c12
Durg::37,Cc1c(O)cccc1C(=O)N[C@@H](CSc1ccccc1)[C@H](O)CN1C[C@H]2CCCC[C@H]2C[C@H]1C(=O)NC(C)(C)C
Durg::38,CCC1=C(C)CN(C(=O)NCCc2ccc(S(=O)(=O)NC(=O)N[C@H]3CC[C@H](C)CC3)cc2)C1=O
Durg::39,CC(C)(C)NC(=O)[C@@H]1CN(Cc2cccnc2)CCN1C[C@@H](O)C[C@@H](Cc1ccccc1)C(=O)N[C@H]1c2ccccc2C[C@H]1O
Durg::40,CC[C@H](C)C(=O)O[C@H]1C[C@@H](C)C=C2C=C[C@H](C)[C@H](CC[C@@H]3C[C@@H](O)CC(=O)O3)[C@H]21
Durg::41,FC(F)OC(F)(F)C(F)Cl
Durg::42,CC(C)C[C@H](CN)CC(=O)O
Durg::43,CN1C(=O)C(O)N=C(c2ccccc2)c2cc(Cl)ccc21
Durg::44,Cc1[nH]c(=O)c(C#N)cc1-c1ccncc1
Durg::45,Cc1ccnc2c1NC(=O)c1cccnc1N2C1CC1
Durg::46,Nc1nc(Cl)nc2c1ncn2[C@H]1C[C@H](O)[C@@H](CO)O1
Durg::47,COc1ccccc1OCC(O)CN1CCN(CC(=O)Nc2c(C)cccc2C)CC1
Durg::48,O=C1Cc2cc(CCN3CCN(c4nsc5ccccc45)CC3)c(Cl)cc2N1
Durg::49,CCC(CO)NC(=O)[C@@H]1C=C2c3cccc4c3c(cn4C)C[C@H]2N(C)C1
Durg::50,C=CCN1C[C@H](C(=O)N(CCCN(C)C)C(=O)NCC)C[C@@H]2c3cccc4[nH]cc(c34)C[C@H]21
Durg::51,Nc1ccc(S(=O)(=O)c2ccc(N)cc2)cc1
Durg::52,O=C1NC(=O)C(c2ccccc2)(c2ccccc2)N1
Durg::53,C[C@H]1c2cccc(O)c2C(=O)C2=C(O)[C@]3(O)C(=O)C(C(N)=O)=C(O)[C@@H](N(C)C)[C@@H]3[C@@H](O)[C@@H]21
Durg::54,Clc1ccccc1C(c1ccccc1)(c1ccccc1)n1ccnc1
Durg::55,O=C1CN2Cc3c(ccc(Cl)c3Cl)N=C2N1
Durg::56,Cc1noc(NS(=O)(=O)c2ccc(N)cc2)c1C
Durg::57,COCCc1ccc(OCC(O)CNC(C)C)cc1
Durg::58,CCCN(CCC)CCc1cccc2c1CC(=O)N2
Durg::59,CC(=O)Nc1c(I)c(NC(C)=O)c(I)c(C(=O)O)c1I
Durg::60,CC1(C)O[C@@H]2CO[C@@]3(COS(N)(=O)=O)OC(C)(C)O[C@H]3[C@@H]2O1
Durg::61,COc1cc(NS(C)(=O)=O)ccc1Nc1c2ccccc2nc2ccccc12
Durg::62,Cn1c(=O)c2[nH]cnc2n(C)c1=O
Durg::63,CC1CNc2c(cccc2S(=O)(=O)N[C@@H](CCCNC(=N)N)C(=O)N2CC[C@@H](C)C[C@@H]2C(=O)O)C1
Durg::64,CC(C)N(CCC(C(N)=O)(c1ccccc1)c1ccccn1)C(C)C
Durg::65,CCN(CC)CC(=O)Nc1c(C)cccc1C
Durg::66,NCCC(O)(P(=O)(O)O)P(=O)(O)O
Durg::67,CN1CCC[C@@H]1CCO[C@](C)(c1ccccc1)c1ccc(Cl)cc1
Durg::68,C[C@H]1O[C@H](O[C@@H]2[C@@H](CO)O[C@H](O[C@H]([C@H](O)CO)[C@H](O)[C@@H](O)C=O)[C@H](O)[C@H]2O)[C@H](O)[C@@H](O)[C@@H]1N[C@H]1C=C(CO)[C@@H](O)[C@H](O)[C@H]1O
Durg::69,COc1ccc(C(CN(C)C)C2(O)CCCCC2)cc1
Durg::70,CC(C)OC(=O)CCC/C=C\C[C@H]1[C@@H](O)C[C@@H](O)[C@@H]1/C=C/[C@@H](O)COc1cccc(C(F)(F)F)c1
Durg::71,CC(=O)OCC(=O)[C@@]12OC3(CCCC3)O[C@@H]1C[C@H]1[C@@H]3CCC4=CC(=O)C=C[C@]4(C)[C@@]3(F)[C@@H](O)C[C@@]12C
Durg::72,CNCC[C@@H](Oc1ccccc1C)c1ccccc1
Durg::73,O=C(O)CCCc1ccc(N(CCCl)CCCl)cc1
Durg::74,CCOC(=O)c1cncn1[C@H](C)c1ccccc1
Durg::75,Cc1nc(=O)c2cc(CN(C)c3ccc(C(=O)N[C@@H](CCC(=O)O)C(=O)O)s3)ccc2[nH]1
Durg::76,CN1CC[C@]23c4c5ccc(O)c4O[C@H]2[C@@H](O)C=C[C@H]3[C@H]1C5
Durg::77,CCCN1CCCC[C@H]1C(=O)Nc1c(C)cccc1C
Durg::78,CCCCN1CCCCC1C(=O)Nc1c(C)cccc1C
Durg::79,Nc1nc(=O)c2ncn(CCC(CO)CO)c2[nH]1
Durg::80,NC[C@H]1CC[C@H](C(=O)O)CC1
Durg::81,C[C@@H](O)[C@H]1C(=O)N2C(C(=O)O)=C(S[C@@H]3CN[C@H](C(=O)Nc4cccc(C(=O)O)c4)C3)[C@H](C)[C@H]12
Durg::82,C=C(c1ccc(C(=O)O)cc1)c1cc2c(cc1C)C(C)(C)CCC2(C)C
Durg::83,CCCCCCCN(CC)CCCC(O)c1ccc(NS(C)(=O)=O)cc1
Durg::84,NS(=O)(=O)c1cc(C2(O)NC(=O)c3ccccc32)ccc1Cl
Durg::85,CCCC(C)C1(CC)C(=O)NC(=O)NC1=O
Durg::86,CCCC(CCC)C(=O)O
Durg::87,CN(C)CCc1c[nH]c2ccc(C[C@H]3COC(=O)N3)cc12
Durg::88,CC(=O)Nc1ccc(O)cc1
Durg::89,COc1cc2ncnc(Nc3ccc(F)c(Cl)c3)c2cc1OCCCN1CCOCC1
Durg::90,COc1ccc2c3c1O[C@H]1[C@@H](O)C=C[C@H]4[C@@H](C2)N(C)CC[C@]314
Durg::91,CCN1CCN(C(=O)N[C@@H](C(=O)N[C@@H]2C(=O)N3[C@@H](C(=O)O)C(C)(C)S[C@H]23)c2ccccc2)C(=O)C1=O
Durg::92,CN1C[C@H](C(=O)N[C@]2(C)O[C@@]3(O)[C@@H]4CCCN4C(=O)[C@H](Cc4ccccc4)N3C2=O)C[C@@H]2c3cccc4[nH]cc(c34)C[C@H]21
Durg::93,CN(C)CCC=C1c2ccccc2CCc2ccccc21
Durg::94,Cc1ccc(C(=O)c2cc(O)c(O)c([N+](=O)[O-])c2)cc1
Durg::95,CC(=O)[C@@]1(O)CC[C@H]2[C@@H]3C[C@H](C)C4=CC(=O)C=C[C@]4(C)[C@@]3(F)[C@@H](O)C[C@@]21C
Durg::96,CN1CC[C@]23c4c5ccc(O)c4O[C@H]2C(=O)CC[C@H]3[C@H]1C5
Durg::97,COc1ccc2c(c1)c(CC(=O)O)c(C)n2C(=O)c1ccc(Cl)cc1
Durg::98,CC[C@@H](CO)NCCN[C@@H](CC)CO
Durg::99,CN(C)C(=N)NC(=N)N
Durg::100,CCC(=O)C(CC(C)N(C)C)(c1ccccc1)c1ccccc1
Durg::101,Cc1cc2c(s1)Nc1ccccc1N=C2N1CCN(C)CC1
Durg::102,CC(C)NCC(O)COc1ccc(CC(N)=O)cc1
Durg::103,CC[C@@H]1/C=C(\C)C[C@H](C)C[C@H](OC)[C@H]2O[C@@](O)(C(=O)C(=O)N3CCCC[C@H]3C(=O)O[C@H](/C(C)=C/[C@@H]3CC[C@H](Cl)[C@H](OC)C3)[C@H](C)[C@@H](O)CC1=O)[C@H](C)C[C@@H]2OC
Durg::104,COc1ccc2nc(S(=O)Cc3ncc(C)c(OC)c3C)[nH]c2c1
Durg::105,NC(=O)c1cnccn1
Durg::106,O=C(O)COCCN1CCN(C(c2ccccc2)c2ccc(Cl)cc2)CC1
Durg::107,COc1ccc([C@@H]2Sc3ccccc3N(CCN(C)C)C(=O)[C@@H]2OC(C)=O)cc1
Durg::108,CNCCCC1c2ccccc2C=Cc2ccccc21
Durg::109,COc1cc2nc(N(C)CCCNC(=O)C3CCCO3)nc(N)c2cc1OC
Durg::110,CN1C(=O)CC(=O)N(c2ccccc2)c2cc(Cl)ccc21
Durg::111,Nc1cc(N2CCCCC2)nc(N)[n+]1[O-]
Durg::112,CC(=O)O[C@]1(C(C)=O)CC[C@H]2[C@@H]3C=C(C)C4=CC(=O)CC[C@]4(C)[C@H]3CC[C@@]21C
Durg::113,C[C@H]1[C@H](NC(=O)/C(=N\OC(C)(C)C(=O)O)c2csc([NH3+])n2)C(=O)N1S(=O)(=O)[O-]
Durg::114,O=c1[nH]c2cc(Cl)ccc2o1
Durg::115,CCC1(c2ccc(N)cc2)CCC(=O)NC1=O
Durg::116,OC(c1cc(C(F)(F)F)nc2c(C(F)(F)F)cccc12)C1CCCCN1
Durg::117,Nc1ccc(S(=O)(=O)Nc2ncccn2)cc1
Durg::118,CCC1=C[C@@H]2CN(C1)Cc1c([nH]c3ccccc13)[C@@](C(=O)OC)(c1cc3c(cc1OC)N(C)[C@H]1[C@@](O)(C(=O)OC)[C@H](OC(C)=O)[C@]4(CC)C=CCN5CC[C@]31[C@@H]54)C2
Durg::119,CCCCCOc1ccc(-c2ccc(-c3ccc(C(=O)N[C@H]4C[C@@H](O)[C@@H](O)NC(=O)[C@@H]5[C@@H](O)[C@@H](C)CN5C(=O)[C@H]([C@@H](C)O)NC(=O)[C@H]([C@H](O)[C@@H](O)c5ccc(O)cc5)NC(=O)[C@@H]5C[C@@H](O)CN5C(=O)[C@H]([C@@H](C)O)NC4=O)cc3)cc2)cc1
Durg::120,CN1CCN(C2=Nc3cc(Cl)ccc3Nc3ccccc32)CC1
Durg::121,O.O=S(=O)(OC[C@H]1O[C@H](O[C@]2(COS(=O)(=O)O[Al](O)O)O[C@H](COS(=O)(=O)O[Al](O)O)[C@@H](OS(=O)(=O)O[Al](O)O)[C@@H]2OS(=O)(=O)O[Al](O)O)[C@H](OS(=O)(=O)O[Al](O)O)[C@@H](OS(=O)(=O)O[Al](O)O)[C@@H]1OS(=O)(=O)O[Al](O)O)O[Al](O)O.O[Al](O)O
Durg::122,C#C[C@]1(O)CC[C@H]2[C@@H]3CCC4=CC(=O)CC[C@@H]4[C@H]3CC[C@@]21CC
Durg::123,NC[C@H](O)c1ccc(O)c(O)c1
Durg::124,Nc1ccn(C[C@@H](CO)OCP(=O)(O)O)c(=O)n1
Durg::125,CN1CCN2c3ncccc3Cc3ccccc3C2C1
Durg::126,CCCC(C)(COC(N)=O)COC(N)=O
Durg::127,CC(C)(C)NC[C@H](O)COc1nsnc1N1CCOCC1
Durg::128,CCCCC[C@H](O)CC[C@@H]1[C@H]2Cc3cccc(OCC(=O)O)c3C[C@H]2C[C@H]1O
Durg::129,C1C(O1)CCl.C(CNCCNCCNCCN)N
Durg::130,OC(CCN1CCCCC1)(c1ccccc1)C1CCCCC1
Durg::131,O=C1c2cccc3c2[C@H](CCC3)CN1[C@@H]1CN2CCC1CC2
Durg::132,Cc1cccc(C)c1OCC(C)N
Durg::133,CCOC(=O)C1=C(COCCN)NC(C)=C(C(=O)OC)C1c1ccccc1Cl
Durg::134,Nc1c2c(nc3ccccc13)CCCC2
Durg::135,Nc1nc(N)c2nc(-c3ccccc3)c(N)nc2n1
Durg::136,CNC[C@H](O)c1cccc(O)c1
Durg::137,C[C@H]1O[C@@H](O[C@H]2[C@@H](O)C[C@H](O[C@H]3[C@@H](O)C[C@H](O[C@H]4CC[C@]5(C)[C@H]6C[C@@H](O)[C@]7(C)[C@@H](C8=CC(=O)OC8)CC[C@]7(O)[C@@H]6CC[C@@H]5C4)O[C@@H]3C)O[C@@H]2C)C[C@H](O)[C@@H]1O
Durg::138,COCCOC(=O)C1=C(C)NC(C)=C(C(=O)OC(C)C)C1c1cccc([N+](=O)[O-])c1
Durg::139,CCCC(C)(COC(N)=O)COC(=O)NC(C)C
Durg::140,CC(=O)[C@H]1CC[C@H]2[C@@H]3CCC4=CC(=O)CC[C@]4(C)[C@H]3CC[C@]12C
Durg::141,CNC(=O)c1cc(Oc2ccc(NC(=O)Nc3ccc(Cl)c(C(F)(F)F)c3)cc2)ccn1
Durg::142,COC1=CC(=O)C[C@@H](C)[C@]12Oc1c(Cl)c(OC)cc(OC)c1C2=O
Durg::143,COC(=O)C1=C(C)NC(C)=C(C(=O)OCC(C)C)C1c1ccccc1[N+](=O)[O-]
Durg::144,Cc1nnc2n1-c1ccc(Cl)cc1C(c1ccccc1)=NC2
Durg::145,CN1CCN(C2=Nc3ccccc3Oc3ccc(Cl)cc32)CC1
Durg::146,C[N+](C)(C)CCOC(N)=O
Durg::147,CN(CCOc1ccc(CC2SC(=O)NC2=O)cc1)c1ccccn1
Durg::148,CCCN[C@H]1CCc2nc(N)sc2C1
Durg::149,CC1(C)S[C@@H]2[C@H](NC(=O)[C@H](N)c3ccccc3)C(=O)N2[C@H]1C(=O)O
Durg::150,CC1(C)S[C@@H]2[C@H](NC(=O)COc3ccccc3)C(=O)N2[C@H]1C(=O)O
Durg::151,C=CCC1(C(C)CCC)C(=O)NC(=O)NC1=O
Durg::152,CCCCN1C[C@H](O)[C@@H](O)[C@H](O)[C@H]1CO
Durg::153,CC(=O)S[C@@H]1CC2=CC(=O)CC[C@]2(C)[C@H]2CC[C@@]3(C)[C@@H](CC[C@@]34CCC(=O)O4)[C@@H]21
Durg::154,COC(=O)C(c1ccccc1)C1CCCCN1
Durg::155,COc1ccccc1OCC(O)COC(N)=O
Durg::156,Cc1ccc(-c2nc3ccc(C)cn3c2CC(=O)N(C)C)cc1
Durg::157,CC(=O)OCC(CCn1cnc2cnc(N)nc21)COC(C)=O
Durg::158,Cl[C@H]1[C@H](Cl)[C@@H](Cl)[C@@H](Cl)[C@H](Cl)[C@H]1Cl
Durg::159,CN1CCN(CCCN2c3ccccc3Sc3ccc(Cl)cc32)CC1
Durg::160,CN1CCC(=C2c3ccccc3C=Cc3ccccc32)CC1
Durg::161,Oc1ncnc2[nH]ncc12
Durg::162,CC(C)(O/N=C(\C(=O)N[C@@H]1C(=O)N2C(C(=O)[O-])=C(C[n+]3ccccc3)CS[C@H]12)c1csc(N)n1)C(=O)O
Durg::163,COCc1c(C(C)C)nc(C(C)C)c(/C=C/[C@@H](O)C[C@@H](O)CC(=O)O)c1-c1ccc(F)cc1
Durg::164,COc1cc(Cc2cnc(N)nc2N)cc(OC)c1OC
Durg::165,Nc1ccn([C@@H]2O[C@H](CO)[C@@H](O)C2(F)F)c(=O)n1
Durg::166,C=C1[C@@H](n2cnc3c(=O)nc(N)[nH]c32)C[C@H](O)[C@H]1CO
Durg::167,COc1cc([C@@H]2c3cc4c(cc3[C@@H](O[C@@H]3O[C@@H]5CO[C@@H](c6cccs6)O[C@H]5[C@H](O)[C@H]3O)[C@H]3COC(=O)[C@H]23)OCO4)cc(OC)c1O
Durg::168,O=C(N[C@H](CO)[C@H](O)c1ccc([N+](=O)[O-])cc1)C(Cl)Cl
Durg::169,Cc1c(OCC(F)(F)F)ccnc1CS(=O)c1nc2ccccc2[nH]1
Durg::170,CNCC(O)c1ccc(OC(=O)C(C)(C)C)c(OC(=O)C(C)(C)C)c1
Durg::171,O=C(CCCN1CC=C(n2c(=O)[nH]c3ccccc32)CC1)c1ccc(F)cc1
Durg::172,CCOC(=O)C1(c2ccccc2)CCN(C)CC1
Durg::173,CCOC(=O)N1CCC(=C2c3ccc(Cl)cc3CCc3cccnc32)CC1
Durg::174,COc1cc2nc(N3CCN(C(=O)c4ccco4)CC3)nc(N)c2cc1OC
Durg::175,CN(C)CCCN1c2ccccc2CCc2ccccc21
Durg::176,COc1cc(C)c(/C=C/C(C)=C/C=C/C(C)=C/C(=O)O)c(C)c1C
Durg::177,C=Cc1c(C)c2cc3nc(cc4[nH]c(cc5nc(cc1[nH]2)C(C)=C5CCC(=O)O)c(CCC(=O)OC)c4C)[C@@]1(C)C3=CC=C(C(=O)OC)[C@H]1C(=O)OC
Durg::178,COc1ccc2cc(CCC(C)=O)ccc2c1
Durg::179,O=C(c1ccccc1)c1ccc2n1CCC2C(=O)O
Durg::180,CC(C)(O)c1ccccc1CC[C@@H](SCC1(CC(=O)O)CC1)c1cccc(/C=C/c2ccc3ccc(Cl)cc3n2)c1
Durg::181,CNCCC(Oc1ccc(C(F)(F)F)cc1)c1ccccc1
Durg::182,C=CCC1(C(C)C#CCC)C(=O)NC(=O)N(C)C1=O
Durg::183,CNC1=Nc2ccc(Cl)cc2C(c2ccccc2)=[N+]([O-])C1
Durg::184,CNCC[C@H](Oc1cccc2ccccc12)c1cccs1
Durg::185,CN(C)CCCN1c2ccccc2Sc2ccc(Cl)cc21
Durg::186,CC(N)C12CC3CC(CC(C3)C1)C2
Durg::187,NCC[C@H](O)C(=O)N[C@@H]1C[C@H](N)[C@@H](O[C@H]2O[C@H](CN)[C@@H](O)[C@H](O)[C@H]2O)[C@H](O)[C@H]1O[C@H]1O[C@H](CO)[C@@H](O)[C@H](N)[C@H]1O
Durg::188,Nc1cccc2c1CN(C1CCC(=O)NC1=O)C2=O
Durg::189,O=C(c1ccc(OCCN2CCCCC2)cc1)c1c(-c2ccc(O)cc2)sc2cc(O)ccc12
Durg::190,Cc1ccc(-c2cc(C(F)(F)F)nn2-c2ccc(S(N)(=O)=O)cc2)cc1
Durg::191,Brc1c(NC2=NCCN2)ccc2nccnc12
Durg::192,Cc1onc(-c2c(Cl)cccc2Cl)c1C(=O)N[C@@H]1C(=O)N2[C@@H](C(=O)O)C(C)(C)S[C@H]12
Durg::193,CCCCCCC(C)(C)c1cc(O)c2c(c1)OC(C)(C)[C@@H]1CCC(=O)C[C@@H]21
Durg::194,CC(C)NCC(O)c1ccc(NS(C)(=O)=O)cc1
Durg::195,O=C1CC2(CCCC2)CC(=O)N1CCCCN1CCN(c2ncccn2)CC1
Durg::196,OCCN1C[C@H](O)[C@@H](O)[C@H](O)[C@H]1CO
Durg::197,CCC(=O)O[C@@H](O[P@@](=O)(CCCCc1ccccc1)CC(=O)N1C[C@H](C2CCCCC2)C[C@H]1C(=O)O)C(C)C
Durg::198,CO/N=C(\C(=O)N[C@@H]1C(=O)N2C(C(=O)O)=C(COC(C)=O)CS[C@H]12)c1csc(N)n1
Durg::199,CCN(CC)C(=O)/C(C#N)=C/c1cc(O)c(O)c([N+](=O)[O-])c1
Durg::200,Cc1cn([C@H]2C[C@H](N=[N+]=[N-])[C@@H](CO)O2)c(=O)[nH]c1=O
Durg::201,NC(=O)C(c1ccccc1)(c1ccccc1)[C@@H]1CCN(CCc2ccc3c(c2)CCO3)C1
Durg::202,COc1ccc2c3c1O[C@H]1C(=O)CC[C@@]4(O)[C@@H](C2)N(C)CC[C@]314
Durg::203,CC(C)C(=O)Nc1ccc([N+](=O)[O-])c(C(F)(F)F)c1
Durg::204,Cc1ccc(C(=O)c2ccc(CC(=O)O)n2C)cc1
Durg::205,CN/C(=N/C#N)NCCSCc1nc[nH]c1C
Durg::206,O=C(CCCN1CCC(O)(c2ccc(Cl)cc2)CC1)c1ccc(F)cc1
Durg::207,CC(C)c1nc(CN(C)C(=O)N[C@H](C(=O)N[C@@H](Cc2ccccc2)C[C@H](O)[C@H](Cc2ccccc2)NC(=O)OCc2cncs2)C(C)C)cs1
Durg::208,CC(=O)Oc1ccccc1C(=O)Nc1ncc([N+](=O)[O-])s1
Durg::209,N[Pt](N)(Cl)Cl
Durg::210,CCCSc1ccc2nc(NC(=O)OC)[nH]c2c1
Durg::211,CCOC(=O)[C@H](CCc1ccccc1)N[C@@H](C)C(=O)N1[C@H](C(=O)O)C[C@H]2CCCC[C@@H]21
Durg::212,CC[C@H](C)C[C@H](C)CCCCCCCCC(=O)N[C@H]1C[C@@H](O)[C@@H](NCCN)NC(=O)[C@@H]2[C@@H](O)CCN2C(=O)[C@H]([C@H](O)CCN)NC(=O)[C@H]([C@H](O)[C@@H](O)c2ccc(O)cc2)NC(=O)[C@@H]2C[C@@H](O)CN2C(=O)[C@H]([C@@H](C)O)NC1=O
Durg::213,CC(C)(C)NCC(O)COc1cccc2c1CCC(=O)N2
Durg::214,Cc1ccccc1N1C(=O)c2cc(S(N)(=O)=O)c(Cl)cc2NC1C
Durg::215,O=C1O[Pt]2(N[C@@H]3CCCC[C@H]3N2)OC1=O
Durg::216,O=C(O)P(=O)(O)O
Durg::217,C#Cc1cccc(Nc2ncnc3cc(OCCOC)c(OCCOC)cc23)c1
Durg::218,O=P1(N(CCCl)CCCl)NCCCO1
Durg::219,CCC1(c2ccccc2)NC(=O)N(C)C1=O
Durg::220,CS(=O)(=O)c1ccc(C2=C(c3ccccc3)C(=O)OC2)cc1
Durg::221,C=CC1=C(C(=O)O)N2C(=O)[C@@H](NC(=O)/C(=N\O)c3csc(N)n3)[C@H]2SC1
Durg::222,O=C(O)c1cn(C2CC2)c2cc(N3CCNCC3)c(F)cc2c1=O
Durg::223,COCCNC(=O)CN(CCN(CCN(CC(=O)[O-])CC(=O)NCCOC)CC(=O)[O-])CC(=O)[O-].[Gd+3]
Durg::224,CN(C)CCOc1ccc(/C(=C(/CCCl)c2ccccc2)c2ccccc2)cc1
Durg::225,CNCCC=C1c2ccccc2CCc2ccccc21
Durg::226,CC[C@]1(O)C[C@@H]2CN(CCc3c([nH]c4ccccc34)[C@@](C(=O)OC)(c3cc4c(cc3OC)N(C=O)[C@H]3[C@@](O)(C(=O)OC)[C@H](OC(C)=O)[C@]5(CC)C=CCN6CC[C@]43[C@@H]65)C2)C1
Durg::227,CCOC(=O)[C@H](CCc1ccccc1)N[C@H]1CCc2ccccc2N(CC(=O)O)C1=O
Durg::228,Clc1ccc2c(c1)C(N1CCNCC1)=Nc1ccccc1O2
Durg::229,C[C@@H]1C[C@H]2[C@@H]3CCC4=CC(=O)C=C[C@]4(C)[C@@]3(F)[C@@H](O)C[C@]2(C)[C@H]1C(=O)CO
Durg::230,O=C(O)CCCCCCCC(=O)O
Durg::231,COc1cc(C(=O)NS(=O)(=O)c2ccccc2C)ccc1Cc1cn(C)c2ccc(NC(=O)OC3CCCC3)cc12
Durg::232,CCCc1cc(=O)[nH]c(=S)[nH]1
Durg::233,CN1C(C(=O)Nc2ccccn2)=C(O)c2ccccc2S1(=O)=O
Durg::234,Nc1nnc(-c2cccc(Cl)c2Cl)c(N)n1
Durg::235,OCCOCCN1CCN(C(c2ccccc2)c2ccc(Cl)cc2)CC1
Durg::236,COc1ccccc1Oc1c(NS(=O)(=O)c2ccc(C(C)(C)C)cc2)nc(-c2ncccn2)nc1OCCO
Durg::237,CN(C)c1cc(NC(=O)CNC(C)(C)C)c(O)c2c1C[C@H]1C[C@H]3[C@H](N(C)C)C(O)=C(C(N)=O)C(=O)[C@@]3(O)C(O)=C1C2=O
Durg::238,CCN1CC(CCN2CCOCC2)C(c2ccccc2)(c2ccccc2)C1=O
Durg::239,CN(Cc1cnc2nc(=N)[nH]c(N)c2n1)c1ccc(C(=O)N[C@@H](CCC(=O)O)C(=O)O)cc1
Durg::240,NC(=O)N1c2ccccc2C=Cc2ccccc21
Durg::241,CC1=C(C(=O)O)N2C(=O)[C@@H](NC(=O)[C@H](N)c3ccccc3)[C@H]2SC1
Durg::242,CC(C)NCC(O)COc1cccc2ccccc12
Durg::243,CN1[C@H]2CC[C@@H]1C[C@H](OC(=O)C(CO)c1ccccc1)C2
Durg::244,CC(C(=O)O)c1cccc(Oc2ccccc2)c1
Durg::245,Clc1cccc(Cl)c1NC1=NCCN1
Durg::246,CC1(C)S[C@@H]2[C@H](NC(=O)C(C(=O)O)c3ccccc3)C(=O)N2[C@H]1C(=O)O
Durg::247,Cc1onc(-c2ccccc2)c1-c1ccc(S(N)(=O)=O)cc1
Durg::248,OC[C@H]1O[C@](O)(CO)[C@@H](O)[C@@H]1O[C@@H]1O[C@H](CO)[C@H](O)[C@H](O)[C@H]1O
Durg::249,C[C@@H](c1ncncc1F)[C@](O)(Cn1cncn1)c1ccc(F)cc1F
Durg::250,CNC(=C[N+](=O)[O-])NCCSCc1csc(CN(C)C)n1
Durg::251,O=C(O)Cc1ccccc1Nc1c(Cl)cccc1Cl
Durg::252,COc1cc2nc(N3CCN(C(=O)C4COc5ccccc5O4)CC3)nc(N)c2cc1OC
Durg::253,CC1(C)O[C@@H]2C[C@H]3[C@@H]4C[C@H](F)C5=CC(=O)C=C[C@]5(C)[C@@]4(F)[C@@H](O)C[C@]3(C)[C@]2(C(=O)CO)O1
Durg::254,CCC1(C)CC(=O)NC1=O
Durg::255,N=C(N)NC(=O)c1nc(Cl)c(N)nc1N
Durg::256,CN(C)[C@@H]1C(O)=C(C(N)=O)C(=O)[C@@]2(O)C(O)=C3C(=O)c4c(O)cccc4[C@@](C)(O)[C@H]3[C@H](O)[C@@H]12
Durg::257,CC(CCc1ccccc1)NCC(O)c1ccc(O)c(C(N)=O)c1
Durg::258,CC(=O)NC[C@H]1CN(c2ccc(N3CCOCC3)c(F)c2)C(=O)O1
Durg::259,CC[C@@H](C)[C@H]1O[C@]2(CC[C@@H]1C)C[C@@H]1C[C@@H](C/C=C(\C)[C@@H](O[C@H]3C[C@H](OC)[C@@H](O[C@H]4C[C@H](OC)[C@@H](O)[C@H](C)O4)[C@H](C)O3)[C@@H](C)/C=C/C=C3\CO[C@@H]4[C@H](O)C(C)=C[C@@H](C(=O)O1)[C@]34O)O2.CO[C@H]1C[C@H](O[C@H]2[C@H](C)O[C@@H](O[C@@H]3/C(C)=C/C[C@@H]4C[C@@H](C[C@]5(CC[C@H](C)[C@@H](C(C)C)O5)O4)OC(=O)[C@@H]4C=C(C)[C@@H](O)[C@H]5OC/C(=C\C=C\[C@@H]3C)[C@@]45O)C[C@@H]2OC)O[C@@H](C)[C@@H]1O
Durg::260,CC(=O)O[C@]1(C(C)=O)CC[C@H]2[C@@H]3C[C@H](C)C4=CC(=O)CC[C@]4(C)[C@H]3CC[C@@]21C
Durg::261,CC1=C(CC(=O)O)c2cc(F)ccc2/C1=C\c1ccc(S(C)=O)cc1
Durg::262,CCN(CC)CCCC(C)Nc1ccnc2cc(Cl)ccc12
Durg::263,CCc1cc(C(N)=S)ccn1
Durg::264,Oc1ccc2c(c1)[C@]13CCCC[C@@]1(O)[C@H](C2)N(CC1CCC1)CC3
Durg::265,CC(C)NCC(O)COc1ccc(COCCOC(C)C)cc1
Durg::266,CO[C@H]1/C=C/O[C@@]2(C)Oc3c(C)c(O)c4c(c3C2=O)C2=NC3(CCN(CC(C)C)CC3)NC2=C(NC(=O)/C(C)=C\C=C\[C@H](C)[C@H](O)[C@@H](C)[C@@H](O)[C@@H](C)[C@H](OC(C)=O)[C@@H]1C)C4=O
Durg::267,CN(C)[C@@H]1C(O)=C(C(N)=O)C(=O)[C@@]2(O)C(O)=C3C(=O)c4c(O)ccc(Cl)c4[C@@H](O)[C@H]3C[C@@H]12
Durg::268,Cc1ccc(NC(=O)c2ccc(CN3CCN(C)CC3)cc2)cc1Nc1nccc(-c2cccnc2)n1
Durg::269,C[C@]12C[C@H](O)[C@@]3(F)[C@@H](CCC4=CC(=O)C=C[C@@]43C)[C@@H]1C[C@@H](O)[C@]2(O)C(=O)CO
Durg::270,C[C@]12COC(=O)C[C@@H]1CC[C@@H]1[C@@H]2CC[C@@]2(C)[C@H]1CC[C@]2(C)O
Durg::271,COC(=O)C1=C(C)NC(C)=C(C(=O)OCCN(C)Cc2ccccc2)C1c1cccc([N+](=O)[O-])c1
Durg::272,OCCN1CCN(CCCN2c3ccccc3Sc3ccc(C(F)(F)F)cc32)CC1
Durg::273,C[C@]12CC[C@H]3[C@@H](CCC4=CC(=O)CC[C@@]43C)[C@@H]1CC[C@@H]2O
Durg::274,O=C1Nc2ccc(Cl)cc2[C@@](C#CC2CC2)(C(F)(F)F)O1
Durg::275,NCCCC(O)(P(=O)(O)O)P(=O)(O)O
Durg::276,Nc1nc(Cl)nc2c1ncn2[C@@H]1O[C@H](CO)[C@@H](O)[C@@H]1F
Durg::277,Cc1cccc([C@H](C)c2c[nH]cn2)c1C
Durg::278,C[C@]12CC(=O)[C@H]3[C@@H](CCC4=CC(=O)C=C[C@@]43C)[C@@H]1CC[C@]2(O)C(=O)CO
Durg::279,Nc1ncnc2c1ncn2[C@@H]1O[C@H](CO)[C@@H](O)[C@H]1O
Durg::280,CCC(C)(C)C(=O)O[C@H]1C[C@@H](C)C=C2C=C[C@H](C)[C@H](CC[C@@H]3C[C@@H](O)CC(=O)O3)[C@H]21
Durg::281,Nc1nc(=O)c2c(CCc3ccc(C(=O)N[C@@H](CCC(=O)O)C(=O)O)cc3)c[nH]c2[nH]1
Durg::282,C[C@@H]1OC(=O)CC(O)CC(O)CC(O)CCC(O)C(O)C[C@]2(O)CC(O)C(C(=O)O)C(CC(O[C@H]3O[C@H](C)[C@@H](O)[C@H](N)[C@@H]3O)/C=C/C=C/C=C/C=C/CC/C=C/C=C/[C@H](C)[C@@H](O)[C@H]1C)O2
Durg::283,Clc1ccc(C(c2ccccc2Cl)C(Cl)Cl)cc1
Durg::284,Cc1cn([C@H]2C=C[C@@H](CO)O2)c(=O)[nH]c1=O
Durg::285,Nc1nc2c(c(=O)[nH]1)N(C=O)C(CNc1ccc(C(=O)N[C@@H](CCC(=O)O)C(=O)O)cc1)CN2
Durg::286,Cn1c(=O)c2c(ncn2CC(O)CO)n(C)c1=O
Durg::287,CC(C)=CCN1CC[C@@]2(C)c3cc(O)ccc3C[C@@H]1[C@@H]2C
Durg::288,CC(C)OC(=O)CCC/C=C\C[C@H]1[C@@H](O)C[C@@H](O)[C@@H]1CC[C@@H](O)CCc1ccccc1
Durg::289,O=c1n(CCCN2CCN(c3cccc(Cl)c3)CC2)nc2ccccn12
Durg::290,CNC1(C)C2CCC(C2)C1(C)C
Durg::291,CC(=O)NCCCS(=O)(=O)O
Durg::292,COc1ccc(CCN(C)CCCC(C#N)(c2ccc(OC)c(OC)c2)C(C)C)cc1OC
Durg::293,CC1(C)NC(=O)N(c2ccc([N+](=O)[O-])c(C(F)(F)F)c2)C1=O
Durg::294,CNC[C@H](O)c1ccc(O)c(O)c1
Durg::295,CNS(=O)(=O)Cc1ccc2[nH]cc(CCN(C)C)c2c1
Durg::296,C=CC1=C(C(=O)O)N2C(=O)[C@@H](NC(=O)/C(=N\OCC(=O)O)c3csc(N)n3)[C@H]2SC1
Durg::297,CCCNC(=O)NS(=O)(=O)c1ccc(Cl)cc1
Durg::298,C[C@@H](O[C@H]1OCCN(Cc2n[nH]c(=O)[nH]2)[C@H]1c1ccc(F)cc1)c1cc(C(F)(F)F)cc(C(F)(F)F)c1
Durg::299,COc1ccc2c3c1O[C@H]1C[C@@H](O)C=C[C@@]31CCN(C)C2
Durg::300,CC/C(=C(\c1ccccc1)c1ccc(OCCN(C)C)cc1)c1ccccc1
Durg::301,CCCCc1nc(Cl)c(CO)n1Cc1ccc(-c2ccccc2-c2nn[nH]n2)cc1
Durg::302,CSc1ccc2c(c1)N(CCC1CCCCN1C)c1ccccc1S2
Durg::303,CCOC(=O)Nc1ccc2c(c1)N(C(=O)CCN1CCOCC1)c1ccccc1S2
Durg::304,C[C@@H]1OC(=O)C[C@H](O)C[C@H](O)CC[C@@H](O)[C@H](O)C[C@H](O)C[C@]2(O)C[C@H](O)[C@@H](C(=O)O)[C@H](C[C@@H](O[C@@H]3O[C@H](C)[C@@H](O)[C@H](N)[C@@H]3O)/C=C/C=C/C=C/C=C/C=C/C=C/C=C/[C@H](C)[C@@H](O)[C@H]1C)O2
Durg::305,CC(=O)CC(c1ccccc1)c1c(O)c2ccccc2oc1=O
Durg::306,Cc1ncc2n1-c1ccc(Cl)cc1C(c1ccccc1F)=NC2
Durg::307,NC[C@H]1O[C@H](O[C@@H]2[C@@H](N)C[C@@H](N)[C@H](O[C@H]3O[C@H](CO)[C@@H](O)[C@H](N)[C@H]3O)[C@H]2O)[C@H](N)C[C@@H]1O
Durg::308,N[C@H]1[C@@H]2CN(c3nc4c(cc3F)c(=O)c(C(=O)O)cn4-c3ccc(F)cc3F)C[C@H]12
Durg::309,C[C@]12C[C@H](O)[C@@]3(F)[C@@H](CCC4=CC(=O)CC[C@@]43C)[C@@H]1CC[C@]2(O)C(=O)CO
Durg::310,CCN(CC)CCN1C(=O)CN=C(c2ccccc2F)c2cc(Cl)ccc21
Durg::311,CCOC(=O)[C@H](CCc1ccccc1)N[C@@H](C)C(=O)N1Cc2cc(OC)c(OC)cc2C[C@H]1C(=O)O
Durg::312,Cc1ccc(N(CC2=NCCN2)c2cccc(O)c2)cc1
Durg::313,O=C1OC2(c3ccc(O)cc3Oc3cc(O)ccc32)c2ccccc21
Durg::314,COc1cccc2c1C(=O)c1c(O)c3c(c(O)c1C2=O)C[C@@](O)(C(C)=O)C[C@@H]3O[C@H]1C[C@H](N)[C@H](O)[C@H](C)O1
Durg::315,NS(=O)(=O)c1cc(C(=O)O)c(NCc2ccco2)cc1Cl
Durg::316,CN1C[C@H](C(=O)N[C@]2(C)O[C@@]3(O)[C@@H]4CCCN4C(=O)[C@H](Cc4ccccc4)N3C2=O)C=C2c3cccc4[nH]cc(c34)C[C@H]21
Durg::317,Clc1ccc2nsnc2c1NC1=NCCN1
Durg::318,O=C1CN(/N=C/c2ccc([N+](=O)[O-])o2)C(=O)N1
Durg::319,COC(=O)[C@@H]1CC2=CC(=O)CC[C@]2(C)[C@@]23O[C@@H]2C[C@@]2(C)[C@@H](CC[C@@]24CCC(=O)O4)[C@H]13
Durg::320,CC(C)CN(C[C@@H](O)[C@H](Cc1ccccc1)NC(=O)O[C@H]1CCOC1)S(=O)(=O)c1ccc(N)cc1
Durg::321,CC(=O)/N=c1/sc(S(N)(=O)=O)nn1C
Durg::322,O=C1CC[C@@]2(O)[C@H]3Cc4ccc(O)c5c4[C@@]2(CCN3CC2CC2)[C@H]1O5
Durg::323,CC(C)Nc1cccnc1N1CCN(C(=O)c2cc3cc(NS(C)(=O)=O)ccc3[nH]2)CC1
Durg::324,CCOc1ccccc1OCCN[C@H](C)Cc1ccc(OC)c(S(N)(=O)=O)c1
Durg::325,CCC(=O)N(c1ccccc1)C1(COC)CCN(CCc2cccs2)CC1
Durg::326,Nc1ccn([C@@H]2CS[C@H](CO)O2)c(=O)n1
Durg::327,CC(C(=O)O)c1ccc(-c2ccccc2)c(F)c1
Durg::328,Cc1onc(-c2ccccc2)c1C(=O)N[C@@H]1C(=O)N2[C@@H](C(=O)O)C(C)(C)S[C@H]12
Durg::329,CN1CCc2cccc3c2[C@H]1Cc1ccc(O)c(O)c1-3
Durg::330,Fc1ccc([C@@H]2CCNC[C@H]2COc2ccc3c(c2)OCO3)cc1
Durg::331,CC(C)(C)C(=O)OCOP(=O)(COCCn1cnc2c(N)ncnc21)OCOC(=O)C(C)(C)C
Durg::332,CCN(CC)CCOC(=O)c1ccc(N)cc1
Durg::333,CC(C)Cn1cnc2c(N)nc3ccccc3c21
Durg::334,O=[N+]([O-])OCC(CO[N+](=O)[O-])O[N+](=O)[O-]
Durg::335,C=CC[N+]1([C@H]2C[C@H]3[C@@H]4CC[C@H]5C[C@H](O)[C@@H](N6CCOCC6)C[C@]5(C)[C@H]4CC[C@]3(C)[C@H]2OC(C)=O)CCCC1
Durg::336,c1ccc2[nH]c(-c3cscn3)nc2c1
Durg::337,CC(C)[C@H]1CC[C@H](C(=O)N[C@H](Cc2ccccc2)C(=O)O)CC1
Durg::338,COc1ccc(CC2c3cc(OC)c(OC)cc3CC[N+]2(C)CCC(=O)OCCCCCOC(=O)CC[N+]2(C)CCc3cc(OC)c(OC)cc3C2Cc2ccc(OC)c(OC)c2)cc1OC.O=S(=O)([O-])c1ccccc1.O=S(=O)([O-])c1ccccc1
Durg::339,C[n+]1ccccc1/C=N/O
Durg::340,Cc1nc2n(c(=O)c1CCN1CCC(c3noc4cc(F)ccc34)CC1)CCCC2
Durg::341,Nc1nc2ccc(OC(F)(F)F)cc2s1
Durg::342,OC[C@@H](O)[C@@H](O)[C@H](O)[C@H](O)CO
Durg::343,NC(=O)CS(=O)C(c1ccccc1)c1ccccc1
Durg::344,CCc1cccc2c3c([nH]c12)C(CC)(CC(=O)O)OCC3
Durg::345,CCCNC(C)C(=O)Nc1ccccc1C
Durg::346,NC1=NCC2c3ccccc3Cc3ccccc3N12
Durg::347,FC(F)OC(Cl)C(F)(F)F
Durg::348,CCN1C(=O)NC(c2ccccc2)C1=O
Durg::349,Oc1c(Cl)cc(Cl)c(Cl)c1Cc1c(O)c(Cl)cc(Cl)c1Cl
Durg::350,O=C(O[C@@H]1C[C@@H]2C[C@H]3C[C@H](C1)N2CC3=O)c1c[nH]c2ccccc12
Durg::351,COC(=O)[C@H](c1ccccc1Cl)N1CCc2sccc2C1
Durg::352,CN(C)[C@@H]1C(O)=C(C(N)=O)C(=O)[C@@]2(O)C(O)=C3C(=O)c4c(O)cccc4[C@@](C)(O)[C@H]3C[C@@H]12
Durg::353,C[C@@H](O)[C@H]1C(=O)N2C(C(=O)O)=C(S[C@@H]3CN[C@H](C(=O)N(C)C)C3)[C@H](C)[C@H]12
Durg::354,CCc1c2c(nc3ccc(OC(=O)N4CCC(N5CCCCC5)CC4)cc13)-c1cc3c(c(=O)n1C2)COC(=O)[C@]3(O)CC
Durg::355,Cn1cc[nH]c1=S
Durg::356,CN(C)CC/C=C1/c2ccccc2COc2ccc(CC(=O)O)cc21
Durg::357,CCOC(=O)CC(SP(=S)(OC)OC)C(=O)OCC
Durg::358,COc1cc([C@@H]2c3cc4c(cc3[C@@H](O[C@@H]3O[C@@H]5CO[C@@H](C)O[C@H]5[C@H](O)[C@H]3O)[C@H]3COC(=O)[C@H]23)OCO4)cc(OC)c1O
Durg::359,NC(=O)N1c2ccccc2CC(=O)c2ccccc21
Durg::360,CCn1cc(C(=O)O)c(=O)c2ccc(C)nc21
Durg::361,NNCCc1ccccc1
Durg::362,CC(C)[N+](C)(CCOC(=O)C1c2ccccc2Oc2ccccc21)C(C)C
Durg::363,C[C@]12CC[C@@H]3c4ccc(O)cc4CC[C@H]3[C@@H]1CC[C@@H]2O
Durg::364,Cc1cccc(Nc2ccccc2C(=O)O)c1C
Durg::365,COc1ccc2cc([C@H](C)C(=O)O)ccc2c1
Durg::366,CCC[C@H](N[C@@H](C)C(=O)N1[C@H](C(=O)O)C[C@@H]2CCCC[C@@H]21)C(=O)OCC
Durg::367,CCC1(c2ccccc2)C(=O)NCNC1=O
Durg::368,O=C(O)c1cc(/N=N/c2ccc(S(=O)(=O)Nc3ccccn3)cc2)ccc1O
Durg::369,CCOc1nc2cccc(C(=O)OC(C)OC(=O)OC3CCCCC3)c2n1Cc1ccc(-c2ccccc2-c2nnn[nH]2)cc1
Durg::370,CCOC(=O)c1ccc(C#Cc2ccc3c(c2)C(C)(C)CCS3)nc1
Durg::371,Oc1ccc(C2CNCCc3c2cc(O)c(O)c3Cl)cc1
Durg::372,CCC(=O)N(c1ccccc1)C1(COC)CCN(CCn2nnn(CC)c2=O)CC1
Durg::373,CCN(CC)CCOC(=O)C1(C2CCCCC2)CCCCC1
Durg::374,CC(=O)CCCCn1c(=O)c2c(ncn2C)n(C)c1=O
Durg::375,CC1Cc2ccccc2N1NC(=O)c1ccc(Cl)c(S(N)(=O)=O)c1
Durg::376,CCN(Cc1ccncc1)C(=O)C(CO)c1ccccc1
Durg::377,OC(CCN1CCCCC1)(c1ccccc1)C1CC2C=CC1C2
Durg::378,NC(=O)c1ncn([C@@H]2O[C@H](CO)[C@@H](O)[C@H]2O)n1
Durg::379,CCC(=O)N(c1ccccc1)C1CCN(CCc2ccccc2)CC1
Durg::380,Cc1cnc(NC(=O)C2=C(O)c3ccccc3S(=O)(=O)N2C)s1
Durg::381,CC(C)c1cccc(C(C)C)c1O
Durg::382,CC(=O)Nc1nnc(S(N)(=O)=O)s1
Durg::383,CN1CC(=O)N2[C@H](Cc3c([nH]c4ccccc34)[C@H]2c2ccc3c(c2)OCO3)C1=O
Durg::384,CCN(CC)C(=S)SSC(=S)N(CC)CC
Durg::385,C[C@@H]1C/C=C/C=C/C=C/C=C/[C@H](O[C@@H]2O[C@H](C)[C@@H](O)[C@H](N)[C@@H]2O)C[C@@H]2O[C@](O)(C[C@@H](O)C[C@H]3O[C@@H]3/C=C/C(=O)O1)C[C@H](O)[C@H]2C(=O)O
Durg::386,CCn1nc(C(=O)O)c(=O)c2cc3c(cc21)OCO3
Durg::387,C[C@@H]1O[C@@H]1P(=O)(O)O
Durg::388,CN1C(=O)CN=C(c2ccccc2)c2cc(Cl)ccc21
Durg::389,CN1CCN(CCCN2c3ccccc3Sc3ccc(C(F)(F)F)cc32)CC1
Durg::390,N[C@@H](C(=O)N[C@@H]1C(=O)N2C(C(=O)O)=C(Cl)CS[C@H]12)c1ccccc1
Durg::391,CC#C[C@]1(O)CC[C@H]2[C@@H]3CCC4=CC(=O)CCC4=C3[C@@H](c3ccc(N(C)C)cc3)C[C@@]21C
Durg::392,CN(C)CCC(c1ccc(Br)cc1)c1ccccn1
Durg::393,CN(C)C(=O)C(CCN1CCC(O)(c2ccc(Cl)cc2)CC1)(c1ccccc1)c1ccccc1
Durg::394,Cc1ccc(S(=O)(=O)NC(=O)NN2CCCCCC2)cc1
Durg::395,CC(CCc1ccc(O)cc1)NCCc1ccc(O)c(O)c1
Durg::396,O=C1Nc2ccc(Cl)cc2C(c2ccccc2)=NC1O
Durg::397,COc1cc2c(cc1OC)C(=O)C(CC1CCN(Cc3ccccc3)CC1)C2
Durg::398,Oc1ccc2c3c1O[C@H]1[C@@H](O)CC[C@@]4(O)[C@@H](C2)N(CC2CCC2)CC[C@]314
Durg::399,CC(C)N=c1cc2n(-c3ccc(Cl)cc3)c3ccccc3nc-2cc1Nc1ccc(Cl)cc1
Durg::400,OCCN1CCN(CCCN2c3ccccc3Sc3ccc(Cl)cc32)CC1
Durg::401,CN(C)/N=N/c1[nH]cnc1C(N)=O
Durg::402,Cn1nnc2c(C(N)=O)ncn2c1=O
Durg::403,CN(C/C=C/C#CC(C)(C)C)Cc1cccc2ccccc12
Durg::404,C[C@]12C[C@H](O)[C@H]3[C@@H](CCC4=CC(=O)C=C[C@@]43C)[C@@H]1CC[C@]2(O)C(=O)CO
Durg::405,O=C(O)c1cc(-c2ccc(F)cc2F)ccc1O
Durg::406,CCCc1nc(C)c2c(=O)nc(-c3cc(S(=O)(=O)N4CCN(CC)CC4)ccc3OCC)[nH]n12
Durg::407,CNC(=C[N+](=O)[O-])NCCSCc1ccc(CN(C)C)o1
Durg::408,C=CC[C@@H]1/C=C(\C)C[C@H](C)C[C@H](OC)[C@H]2O[C@@](O)(C(=O)C(=O)N3CCCC[C@H]3C(=O)O[C@H](/C(C)=C/[C@@H]3CC[C@@H](O)[C@H](OC)C3)[C@H](C)[C@@H](O)CC1=O)[C@H](C)C[C@@H]2OC
Durg::409,CCCCNc1ccc(C(=O)OCCOCCOCCOCCOCCOCCOCCOCCOCCOC)cc1
Durg::410,CCN[C@H]1C[C@H](C)S(=O)(=O)c2sc(S(N)(=O)=O)cc21
Durg::411,CC(C(=O)O)c1ccc(C(=O)c2cccs2)cc1
Durg::412,CC(C)(C)NCC(O)c1cc(O)cc(O)c1
Durg::413,Cc1nc2c([nH]1)CCN(C(=O)c1ccc(NC(=O)c3ccccc3-c3ccccc3)cc1)c1ccccc1-2
Durg::414,COc1ccccc1OCC(O)CO
Durg::415,CCCCc1ncc(/C=C(\Cc2cccs2)C(=O)O)n1Cc1ccc(C(=O)O)cc1
Durg::416,N=C(NCCCCCCNC(=N)NC(=N)Nc1ccc(Cl)cc1)NC(=N)Nc1ccc(Cl)cc1
Durg::417,Nc1nc(=O)n([C@@H]2CS[C@H](CO)O2)cc1F
Durg::418,CCOC(=O)[C@H](CCc1ccccc1)N[C@@H](C)C(=O)N1Cc2ccccc2C[C@H]1C(=O)O
Durg::419,O=[N+]([O-])O[C@H]1CO[C@H]2[C@@H]1OC[C@H]2O[N+](=O)[O-]
Durg::420,CCCCNc1cc(C(=O)O)cc(S(N)(=O)=O)c1Oc1ccccc1
Durg::421,CN1[C@H]2CCC[C@@H]1C[C@H](NC(=O)c1nn(C)c3ccccc13)C2
Durg::422,CCC(=O)[C@@]1(C)[C@H](C)C[C@H]2[C@@H]3CCC4=CC(=O)C=C[C@]4(C)[C@H]3[C@@H](O)C[C@@]21C
Durg::423,Cc1nnc2n1-c1ccc(Cl)cc1C(c1ccccc1Cl)=NC2
Durg::424,CCO
Durg::425,CCC(=O)N(c1ccccc1)C1(C(=O)OC)CCN(CCC(=O)OC)CC1
Durg::426,O=c1nc[nH]c2c1ncn2[C@H]1CC[C@@H](CO)O1
Durg::427,C=C(CC)C(=O)c1ccc(OCC(=O)O)c(Cl)c1Cl
Durg::428,Cc1nccn1CC1CCc2c(c3ccccc3n2C)C1=O
Durg::429,CCNC(=O)CCC/C=C\C[C@H]1[C@@H](O)C[C@@H](O)[C@@H]1/C=C/[C@@H](O)CCc1ccccc1
Durg::430,Cc1ccsc1C(=CCCN1CCC[C@@H](C(=O)O)C1)c1sccc1C
Durg::431,COC(=O)[C@H]1[C@@H](OC(=O)c2ccccc2)C[C@@H]2CC[C@H]1N2C
Durg::432,C=C[C@H]1CN2CC[C@H]1C[C@@H]2[C@@H](O)c1ccnc2ccc(OC)cc12
Durg::433,NS(=O)(=O)Cc1noc2ccccc12
Durg::434,C[C@@H](/C=C/[C@@H](C)[C@H]1CC[C@H]2/C(=C/C=C3C[C@@H](O)C[C@H](O)C3)CCC[C@@]21C)C(C)(C)O
Durg::435,CCS(=O)(=O)CCn1c([N+](=O)[O-])cnc1C
Durg::436,CCOc1cc(CC(=O)N[C@@H](CC(C)C)c2ccccc2N2CCCCC2)ccc1C(=O)O
Durg::437,NC12CC3CC(CC(C3)C1)C2
Durg::438,Cc1ncc([N+](=O)[O-])n1CCO
Durg::439,CN(C)CCc1c[nH]c2ccc(CS(=O)(=O)N3CCCC3)cc12
Durg::440,CN[C@H]1[C@@H](O)[C@@H](NC)[C@H](O)[C@H]2O[C@@H]3O[C@H](C)CC(=O)[C@]3(O)O[C@H]12
Durg::441,CN1CCC(=C2c3ccccc3CC(=O)c3sccc32)CC1
Durg::442,CO[C@]12CC[C@@]3(C[C@@H]1[C@](C)(O)C(C)(C)C)[C@H]1Cc4ccc(O)c5c4[C@@]3(CCN1CC1CC1)[C@H]2O5
Durg::443,CN(C)CCC=C1c2ccccc2C=Cc2ccccc21
Durg::444,CC(COc1ccccc1)N(CCCl)Cc1ccccc1
Durg::445,NC(N)=Nc1nc(CSCCC(N)=NS(N)(=O)=O)cs1
Durg::446,CCCCC(C)(O)C/C=C/[C@H]1[C@H](O)CC(=O)[C@@H]1CCCCCCC(=O)OC
Durg::447,CCC[C@@]1(CCc2ccccc2)CC(O)=C([C@H](CC)c2cccc(NS(=O)(=O)c3ccc(C(F)(F)F)cn3)c2)C(=O)O1
Durg::448,CN1CCCCC1CCN1c2ccccc2Sc2ccc(S(C)=O)cc21
Durg::449,CCN(CC)C(C)C(=O)c1ccccc1
Durg::450,OCc1cc(C(O)CNCCCCCCOCCCCc2ccccc2)ccc1O
Durg::451,NC(=O)OCC(COC(N)=O)c1ccccc1
Durg::452,CC(C)(C(=O)O)c1ccc(C(O)CCCN2CCC(C(O)(c3ccccc3)c3ccccc3)CC2)cc1
Durg::453,NNC(=O)c1ccncc1
Durg::454,CNS(=O)(=O)CCc1ccc2[nH]cc(C3CCN(C)CC3)c2c1
Durg::455,CN(C)CCc1c[nH]c2ccc(Cn3cncn3)cc12
Durg::456,N[Pt]1(N)OC(=O)C2(CCC2)C(=O)O1
Durg::457,C[C@H]1C[C@H]2[C@@H]3CC[C@](O)(C(=O)CO)[C@@]3(C)C[C@H](O)[C@@H]2[C@@]2(C)C=CC(=O)C=C12
Durg::458,CC(C)NCC(O)COc1cccc2[nH]ccc12
Durg::459,Cc1cccc(C)c1NC(=O)C1CCCCN1C
Durg::460,CCN(C(C)=O)c1cccc(-c2ccnc3c(C#N)cnn23)c1
Durg::461,Nc1c(CC(=O)O)cccc1C(=O)c1ccc(Br)cc1
Durg::462,Nc1cc(Cl)c(NC2=NCCN2)c(Cl)c1
Durg::463,CCCc1nc2c(C)cc(-c3nc4ccccc4n3C)cc2n1Cc1ccc(-c2ccccc2C(=O)O)cc1
Durg::464,Clc1ccc2c(c1)CCc1cccnc1C2=C1CCNCC1
Durg::465,C[C@](N)(Cc1ccc(O)c(O)c1)C(=O)O
Durg::466,Cc1[nH]cnc1CN1CCc2c(c3ccccc3n2C)C1=O
Durg::467,CN1CCCC(n2nc(Cc3ccc(Cl)cc3)c3ccccc3c2=O)CC1
Durg::468,O=C1[C@H](CC[C@H](O)c2ccc(F)cc2)[C@@H](c2ccc(O)cc2)N1c1ccc(F)cc1
Durg::469,OCCN(CCO)c1nc(N2CCCCC2)c2nc(N(CCO)CCO)nc(N3CCCCC3)c2n1
Durg::470,CC[C@H]1OC(=O)[C@H](C)C(=O)[C@H](C)[C@@H](O[C@@H]2O[C@H](C)C[C@H](N(C)C)[C@H]2O)[C@](C)(OC)C[C@@H](C)C(=O)[C@H](C)[C@H]2N(CCCCn3cnc(-c4cccnc4)c3)C(=O)O[C@]12C
Durg::471,CCn1cc(C(=O)O)c(=O)c2cc(F)c(N3CCNC(C)C3)c(F)c21
Durg::472,CN(C)CCOC(=O)C(c1ccccc1)C1(O)CCCC1
Durg::473,CCC(=O)NCC[C@@H]1CCc2ccc3c(c21)CCO3
Durg::474,CNC(=O)Oc1ccc2c(c1)[C@]1(C)CCN(C)[C@@H]1N2C
Durg::475,COc1ccc(CC(C)NCC(O)c2ccc(O)c(NC=O)c2)cc1
Durg::476,C[N+]1(C)CCC(OC(=O)C(O)(c2ccccc2)C2CCCC2)C1
Durg::477,NCCc1ccc(O)c(O)c1
Durg::478,CCN(C)C(=O)Oc1cccc([C@H](C)N(C)C)c1
Durg::479,C=C1C[C@@H]2[C@H](CC[C@]3(C)C(=O)CC[C@@H]23)[C@@]2(C)C=CC(=O)C=C12
Durg::480,O=C(O)CCc1nc(-c2ccccc2)c(-c2ccccc2)o1
Durg::481,Cn1cnc([N+](=O)[O-])c1Sc1ncnc2nc[nH]c12
Durg::482,C1[C@H]([C@@H]([C@@H]2[C@@H]([C@H]1N)O[C@@H]3[C@@H]([C@H]([C@@H]([C@H](O3)CN)O)O)NC[C@@H]4[C@H]([C@H]([C@@H](O4)O2)O)O[C@@H]5[C@@H]([C@H]([C@@H]([C@@H](O5)CN)O)O)N)O)N
Durg::483,NCC1(CC(=O)O)CCCCC1
Durg::484,COc1cccc2c1C(=O)c1c(O)c3c(c(O)c1C2=O)C[C@@](O)(C(=O)CO)C[C@@H]3O[C@H]1C[C@H](N)[C@H](O)[C@H](C)O1
Durg::485,CN[C@@H]1CCc2[nH]c3ccc(C(N)=O)cc3c2C1
Durg::486,NS(=O)(=O)c1cc2c(cc1Cl)NCNS2(=O)=O
Durg::487,Nc1nc2c(ncn2COC(CO)CO)c(=O)[nH]1
Durg::488,NC(=O)NO
Durg::489,N#Cc1ccc(C(c2ccc(C#N)cc2)n2cncn2)cc1
Durg::490,CS(=O)(=O)OCCCCOS(C)(=O)=O
Durg::491,CC(C(=O)O)c1cccc(C(=O)c2ccccc2)c1
Durg::492,CC(C)(C(=O)c1cccnc1)c1cccnc1
Durg::493,C[C@@H](NCCCc1cccc(C(F)(F)F)c1)c1cccc2ccccc12
Durg::494,CCC(=O)O[C@]1(C(=O)CCl)[C@@H](C)C[C@H]2[C@@H]3CCC4=CC(=O)C=C[C@]4(C)[C@@]3(F)[C@@H](O)C[C@@]21C
Durg::495,O=C(O)CCNC(=O)c1ccc(/N=N/c2ccc(O)c(C(=O)O)c2)cc1
Durg::496,CN(C)c1ccc(O)c2c1C[C@H]1C[C@H]3[C@H](N(C)C)C(O)=C(C(N)=O)C(=O)[C@@]3(O)C(O)=C1C2=O
Durg::497,N=C(N)NC(=O)Cc1c(Cl)cccc1Cl
Durg::498,CC(C[N+](C)(C)C)OC(N)=O
Durg::499,CCOC(=O)C1=C(C)NC(C)=C(C(=O)OC)C1c1cccc(Cl)c1Cl
Durg::500,COc1c(C)c2c(c(O)c1C/C=C(\C)CCC(=O)O)C(=O)OC2
Durg::501,CC(=O)N1CCN(c2ccc(OCC3COC(Cn4ccnc4)(c4ccc(Cl)cc4Cl)O3)cc2)CC1
Durg::502,CCCCC1=NC2(CCCC2)C(=O)N1Cc1ccc(-c2ccccc2-c2nn[nH]n2)cc1
Durg::503,CC[C@@]1(O)C(=O)OCc2c1cc1n(c2=O)Cc2cc3c(CN(C)C)c(O)ccc3nc2-1
Durg::504,CCCN(CCC)S(=O)(=O)c1ccc(C(=O)O)cc1
Durg::505,CCN(CC)CCNC(=O)c1ccc(N)cc1
Durg::506,Cc1ccc(O)c([C@H](CCN(C(C)C)C(C)C)c2ccccc2)c1
Durg::507,C#CCN(C)[C@H](C)Cc1ccccc1
Durg::508,CC(C)OC(=O)C(C)(C)Oc1ccc(C(=O)c2ccc(Cl)cc2)cc1
Durg::509,O=C1CCC(N2C(=O)c3ccccc3C2=O)C(=O)N1
Durg::510,N[C@@H](Cc1ccc(N(CCCl)CCCl)cc1)C(=O)O
Durg::511,CC12CC3CC(C)(C1)CC(N)(C3)C2
Durg::512,COc1c(N2CCNC(C)C2)c(F)cc2c(=O)c(C(=O)O)cn(C3CC3)c12
Durg::513,CCCCC(F)(F)[C@@]1(O)CC[C@H]2[C@@H](CC(=O)[C@@H]2CCCCCCC(=O)O)O1
Durg::514,CC(=O)OCC(=O)[C@@]12OC(C)(C)O[C@@H]1C[C@H]1[C@@H]3C[C@H](F)C4=CC(=O)C=C[C@]4(C)[C@@]3(F)[C@@H](O)C[C@@]12C
Durg::515,Nc1nc(NC2CC2)c2ncn([C@H]3C=C[C@@H](CO)C3)c2n1
Durg::516,CC(C)Cc1ccc(C(C)C(=O)O)cc1
Durg::517,O=C(C1CCCCC1)N1CC(=O)N2CCc3ccccc3C2C1
Durg::518,CCn1cc(C(=O)O)c(=O)c2cc(F)c(N3CCNCC3)cc21
Durg::519,CC1(C)S[C@@H]2[C@H](NC(=O)[C@H](N)c3ccc(O)cc3)C(=O)N2[C@H]1C(=O)O
Durg::520,CCN(CC)CC#CCOC(=O)C(O)(c1ccccc1)C1CCCCC1
Durg::521,CC(C)NCC(O)c1ccc(O)c(O)c1
Durg::522,Cc1cnc(C(=O)NCCc2ccc(S(=O)(=O)NC(=O)NC3CCCCC3)cc2)cn1
Durg::523,O=C1CN=C(c2ccccc2Cl)c2cc([N+](=O)[O-])ccc2N1
Durg::524,CC(CN1c2ccccc2Sc2ccccc21)N(C)C
Durg::525,COC(=O)N[C@H](C(=O)N[C@@H](Cc1ccccc1)[C@@H](O)CN(Cc1ccc(-c2ccccn2)cc1)NC(=O)[C@@H](NC(=O)OC)C(C)(C)C)C(C)(C)C
Durg::526,Nc1nc(F)nc2c1ncn2[C@@H]1O[C@H](CO)[C@@H](O)[C@@H]1O
Durg::527,CN(C)CCOC(c1ccccc1)c1ccccc1
Durg::528,CC(C)c1c(C(=O)Nc2ccccc2)c(-c2ccccc2)c(-c2ccc(F)cc2)n1CC[C@@H](O)C[C@@H](O)CC(=O)O
Durg::529,CCCCCNC(=N)N/N=C/c1c[nH]c2ccc(OC)cc12
Durg::530,C=CC(N)CCC(=O)O
Durg::531,CN[C@@H]1[C@H](O[C@H]2[C@H](O[C@@H]3[C@@H](NC(=N)N)[C@H](O)[C@@H](NC(=N)N)[C@H](O)[C@H]3O)O[C@@H](C)[C@]2(O)C=O)O[C@@H](CO)[C@H](O)[C@H]1O
Durg::532,CCCCCCCCCCC[C@@H](C[C@@H]1OC(=O)[C@H]1CCCCCC)OC(=O)[C@H](CC(C)C)NC=O
Durg::533,CCOCCn1c(N2CCCN(C)CC2)nc2ccccc21
Durg::534,CC[C@@H]1C(=O)OC[C@@H]1Cc1cncn1C
Durg::535,CCOC(=O)c1ccc(N)cc1
Durg::536,COc1cc(NC(C)CCCN)c2ncccc2c1
Durg::537,CC#CCC(C)[C@H](O)/C=C/[C@@H]1[C@H]2C/C(=C/CCCC(=O)O)C[C@H]2C[C@H]1O
Durg::538,CC(C)n1c(/C=C/[C@H](O)C[C@H](O)CC(=O)O)c(-c2ccc(F)cc2)c2ccccc21
Durg::539,Cc1oncc1C(=O)Nc1ccc(C(F)(F)F)cc1
Durg::540,CC(C)c1nc(N(C)S(C)(=O)=O)nc(-c2ccc(F)cc2)c1/C=C/[C@@H](O)C[C@@H](O)CC(=O)O
Durg::541,O=c1[nH]c2ccccc2n1C1CCN(CCCC(c2ccc(F)cc2)c2ccc(F)cc2)CC1
Durg::542,CCCCCOC(=O)Nc1nc(=O)n([C@@H]2O[C@H](C)[C@@H](O)[C@H]2O)cc1F
Durg::543,CN[C@H]1CC[C@@H](c2ccc(Cl)c(Cl)c2)c2ccccc21
Durg::544,CC(C)CC(N(C)C)C1(c2ccc(Cl)cc2)CCC1
Durg::545,C[C@@H]1CN([C@H]2CC[C@](C#N)(c3ccc(F)cc3)CC2)CC[C@]1(C(=O)O)c1ccccc1
Durg::546,Clc1ccc(COC(Cn2ccnc2)c2ccc(Cl)cc2Cl)c(Cl)c1
Durg::547,CO/N=C(\C(=O)N[C@@H]1C(=O)N2C(C(=O)O)=C(COC(N)=O)CS[C@H]12)c1ccco1
Durg::548,COc1ccc(Cc2nccc3cc(OC)c(OC)cc23)cc1OC
Durg::549,CN(C)CCC(c1ccc(Cl)cc1)c1ccccn1
Durg::550,COC(=O)C1=C(C)NC(C)=C(C(=O)OC)C1c1ccccc1[N+](=O)[O-]
Durg::551,O=C1C(O)=C([C@H]2CC[C@H](c3ccc(Cl)cc3)CC2)C(=O)c2ccccc21
Durg::552,CCCCc1oc2ccccc2c1C(=O)c1cc(I)c(OCCN(CC)CC)c(I)c1
Durg::553,CC1=NS(=O)(=O)c2cc(Cl)ccc2N1
Durg::554,Cc1ccc(S(=O)(=O)NC(=O)NN2C[C@H]3CCC[C@H]3C2)cc1
Durg::555,C[C@]12CC[C@H]3[C@@H](CC[C@H]4NC(=O)C=C[C@]34C)[C@@H]1CC[C@@H]2C(=O)Nc1cc(C(F)(F)F)ccc1C(F)(F)F
Durg::556,Clc1ccc(COC(Cn2ccnc2)c2ccc(Cl)cc2Cl)cc1
Durg::557,CC(O)(CS(=O)(=O)c1ccc(F)cc1)C(=O)Nc1ccc(C#N)c(C(F)(F)F)c1
Durg::558,COCCCOc1ccnc(CS(=O)c2nc3ccccc3[nH]2)c1C
Durg::559,CCOC(=O)O[C@]1(C(=O)COC(=O)CC)CC[C@H]2[C@@H]3CCC4=CC(=O)C=C[C@]4(C)[C@H]3[C@@H](O)C[C@@]21C
Durg::560,CCc1ccc(CCOc2ccc(CC3SC(=O)NC3=O)cc2)nc1
Durg::561,COc1ccccc1OCCNCC(O)COc1cccc2[nH]c3ccccc3c12
Durg::562,CC1=C(C(=O)O)N2C(=O)[C@@H](NC(=O)[C@H](N)c3ccc(O)cc3)[C@H]2SC1
Durg::563,CCCCCOc1ccc(-c2cc(-c3ccc(C(=O)N[C@H]4C[C@@H](O)[C@@H](O)NC(=O)[C@@H]5[C@@H](O)[C@@H](C)CN5C(=O)[C@H]([C@H](O)CC(N)=O)NC(=O)[C@H]([C@H](O)[C@@H](O)c5ccc(O)c(OS(=O)(=O)O)c5)NC(=O)[C@@H]5C[C@@H](O)CN5C(=O)[C@H]([C@@H](C)O)NC4=O)cc3)no2)cc1
Durg::564,CN(C)CCC=C1c2ccccc2COc2ccccc21
Durg::565,NCCCNCCSP(=O)(O)O
Durg::566,Cc1c(-c2ccccc2)oc2c(C(=O)OCCN3CCCCC3)cccc2c1=O
Durg::567,CCc1nn(CCCN2CCN(c3cccc(Cl)c3)CC2)c(=O)n1CCOc1ccccc1
Durg::568,CC=CC1=C(C(=O)O)N2C(=O)[C@@H](NC(=O)[C@H](N)c3ccc(O)cc3)[C@H]2SC1
Durg::569,CNCCCN1c2ccccc2CCc2ccccc21
Durg::570,CC(NC(C)(C)C)C(=O)c1cccc(Cl)c1
Durg::571,COc1cc(NCc2ccc3nc(N)nc(N)c3c2C)cc(OC)c1OC
Durg::572,CC[N+](C)(C)Cc1ccccc1Br
Durg::573,FC(F)(F)C(Cl)Br
Durg::574,CCN(CC)CCOC(=O)c1ccc(N)cc1Cl
Durg::575,COc1cc2nc(N3CCN(C(=O)C4CCCO4)CC3)nc(N)c2cc1OC
Durg::576,CC1COc2c(N3CCN(C)CC3)c(F)cc3c(=O)c(C(=O)O)cn1c23
Durg::577,CCC(C)n1ncn(-c2ccc(N3CCN(c4ccc(OC[C@H]5CO[C@](Cn6cncn6)(c6ccc(Cl)cc6Cl)O5)cc4)CC3)cc2)c1=O
Durg::578,CNNCc1ccc(C(=O)NC(C)C)cc1
Durg::579,O=[As]O[As]=O
Durg::580,Cc1ccccc1C(OCCN(C)C)c1ccccc1
Durg::581,CCC1(c2ccccc2)C(=O)NC(=O)NC1=O
Durg::582,CC(=O)[C@]1(O)Cc2c(O)c3c(c(O)c2[C@@H](O[C@H]2C[C@H](N)[C@H](O)[C@H](C)O2)C1)C(=O)c1ccccc1C3=O
Durg::583,O=P1(NCCCl)OCCCN1CCCl
Durg::584,CCCNCC(O)COc1ccccc1C(=O)CCc1ccccc1
Durg::585,C=CCN1CC[C@]23c4c5ccc(O)c4O[C@H]2C(=O)CC[C@@]3(O)[C@H]1C5
Durg::586,O=c1[nH]c2ccccc2n1CCCN1CCC(n2c(=O)[nH]c3cc(Cl)ccc32)CC1
Durg::587,C[C@]1(O)CC[C@H]2[C@@H]3CCC4=CC(=O)CC[C@]4(C)[C@@]3(F)[C@@H](O)C[C@@]21C
Durg::588,CCCN1C[C@H](CSC)C[C@@H]2c3cccc4[nH]cc(c34)C[C@H]21
Durg::589,Cc1cc(C2CCCCC2)n(O)c(=O)c1
Durg::590,FC(F)OC(F)C(F)(F)F
Durg::591,CCC[C@@H]1C[C@@H](C(=O)N[C@H]([C@H](C)Cl)[C@H]2O[C@H](SC)[C@H](O)[C@@H](O)[C@H]2O)N(C)C1
Durg::592,CCCC(=O)Nc1ccc(OCC(O)CNC(C)C)c(C(C)=O)c1
Durg::593,CCN[C@H]1CN(CCCOC)S(=O)(=O)c2sc(S(N)(=O)=O)cc21
Durg::594,O=C(NCC1CCCCN1)c1cc(OCC(F)(F)F)ccc1OCC(F)(F)F
Durg::595,C[C@]12CC[C@@H]3c4ccc(OC(=O)N(CCCl)CCCl)cc4CC[C@H]3[C@@H]1CC[C@@H]2O
Durg::596,CN1CCN(C(=O)OC2c3nccnc3C(=O)N2c2ccc(Cl)cn2)CC1
Durg::597,CC(C)C[C@H]1C(=O)N2CCC[C@H]2[C@]2(O)O[C@](NC(=O)[C@@H]3C=C4c5cccc6[nH]c(Br)c(c56)C[C@H]4N(C)C3)(C(C)C)C(=O)N12
Durg::598,CO[C@H]1/C=C/O[C@@]2(C)Oc3c(C)c(O)c4c(O)c(c(/C=N/N5CCN(C6CCCC6)CC5)c(O)c4c3C2=O)NC(=O)/C(C)=C\C=C\[C@H](C)[C@H](O)[C@@H](C)[C@@H](O)[C@@H](C)[C@H](OC(C)=O)[C@@H]1C
Durg::599,CC(C)(C)NCC(O)COc1cccc2c1C[C@H](O)[C@H](O)C2
Durg::600,O=C1c2c(O)ccc(O)c2C(=O)c2c(NCCNCCO)ccc(NCCNCCO)c21
Durg::601,CCOC(=O)c1ncn2c1CN(C)C(=O)c1cc(F)ccc1-2
Durg::602,O=NN(CCCl)C(=O)NC1CCCCC1
Durg::603,CC(C)(C)NC[C@H](O)COc1cccc2c1CCCC2=O
Durg::604,CC[C@H]1OC(=O)[C@H](C)[C@@H](O[C@H]2C[C@@](C)(OC)[C@@H](O)[C@H](C)O2)[C@H](C)[C@@H](O[C@@H]2O[C@H](C)C[C@H](N(C)C)[C@H]2O)[C@](C)(OC)C[C@@H](C)C(=O)[C@H](C)[C@@H](O)[C@]1(C)O
Durg::605,CO/N=C(\C(=O)N[C@@H]1C(=O)N2C(C(=O)O)=C(CSc3nc(=O)c(=O)[nH]n3C)CS[C@H]12)c1csc(N)n1
Durg::606,CC(=O)Oc1c(C)cc(OCC(O)CNC(C)C)c(C)c1C
Durg::607,Clc1ccc2c(c1)C(c1ccccc1)=NCc1nncn1-2
Durg::608,CC(C)(C)NC(=O)[C@H]1CC[C@H]2[C@@H]3CC[C@H]4NC(=O)C=C[C@]4(C)[C@H]3CC[C@]12C
Durg::609,CC(C)(C#N)c1cc(Cn2cncn2)cc(C(C)(C)C#N)c1
Durg::610,CCCCN(CCCC)CCC(O)c1cc2c(Cl)cc(Cl)cc2c2cc(C(F)(F)F)ccc12
Durg::611,O=C1CN(/N=C/c2ccc(-c3ccc([N+](=O)[O-])cc3)o2)C(=O)N1
Durg::612,CO[C@H]1/C=C/O[C@@]2(C)Oc3c(C)c(O)c4c(O)c(c5c(nc6cc(C)ccn65)c4c3C2=O)NC(=O)/C(C)=C\C=C\[C@H](C)[C@H](O)[C@@H](C)[C@@H](O)[C@@H](C)[C@H](OC(C)=O)[C@@H]1C
Durg::613,CNC1(c2ccccc2Cl)CCCCC1=O
Durg::614,CCCC1O[C@@H]2C[C@H]3[C@@H]4CCC5=CC(=O)C=C[C@]5(C)[C@H]4[C@@H](O)C[C@]3(C)[C@]2(C(=O)CO)O1
Durg::615,Cn1c(=O)c2[nH]cnc2n(C)c1=O.Cn1c(=O)c2[nH]cnc2n(C)c1=O.NCCN
Durg::616,OCCOCCN1CCN(C2=Nc3ccccc3Sc3ccccc32)CC1
Durg::617,COc1cc2c(cc1OC)[C@@H](Cc1cc(OC)c(OC)c(OC)c1)[N+](C)(CCCOC(=O)CC/C=C/CCC(=O)OCCC[N+]1(C)CCc3cc(OC)c(OC)cc3[C@H]1Cc1cc(OC)c(OC)c(OC)c1)CC2
Durg::618,CC(=O)O[C@H]1C(=O)[C@]2(C)[C@@H](O)C[C@H]3OC[C@@]3(OC(C)=O)[C@H]2[C@H](OC(=O)c2ccccc2)[C@]2(O)C[C@H](OC(=O)[C@H](O)[C@@H](NC(=O)c3ccccc3)c3ccccc3)C(C)=C1C2(C)C
Durg::619,NC1=NC(=O)C(c2ccccc2)O1
Durg::620,CC(C)(C)NC(=O)[C@@H]1C[C@@H]2CCCC[C@@H]2CN1C[C@@H](O)[C@H](Cc1ccccc1)NC(=O)[C@H](CC(N)=O)NC(=O)c1ccc2ccccc2n1
Durg::621,CCN(CC)CCNC(=O)c1cc(Cl)c(N)cc1OC
Durg::622,C[C@@H]1C[C@H]2[C@@H]3CCC4=CC(=O)C=C[C@]4(C)[C@@]3(F)[C@@H](O)C[C@]2(C)[C@@]1(O)C(=O)CO
Durg::623,FCOC(C(F)(F)F)C(F)(F)F
Durg::624,O=C1CCc2ccc(OCCCCN3CCN(c4cccc(Cl)c4Cl)CC3)cc2N1
Durg::625,Cc1ccc(C)c(OCCCC(C)(C)C(=O)O)c1
Durg::626,CN(C)CCCN1c2ccccc2CCc2ccc(Cl)cc21
Durg::627,Cc1cc(C(=O)NNCc2ccccc2)no1
Durg::628,CC(=O)O[C@@]12CO[C@@H]1C[C@H](O)[C@@]1(C)C(=O)[C@H](O)C3=C(C)[C@@H](OC(=O)[C@H](O)[C@@H](NC(=O)OC(C)(C)C)c4ccccc4)C[C@@](O)([C@@H](OC(=O)c4ccccc4)[C@@H]12)C3(C)C
Durg::629,CC(=O)N(CC(O)CN(C(C)=O)c1c(I)c(C(=O)NCC(O)CO)c(I)c(C(=O)NCC(O)CO)c1I)c1c(I)c(C(=O)NCC(O)CO)c(I)c(C(=O)NCC(O)CO)c1I
Durg::630,O=C(O)c1cc(/N=N/c2ccc(O)c(C(=O)O)c2)ccc1O
Durg::631,Cc1nc(Nc2ncc(C(=O)Nc3c(C)cccc3Cl)s2)cc(N2CCN(CCO)CC2)n1
Durg::632,COCCCOC1=C(OC)C=CC(C[C@@H](C[C@H](N)[C@@H](O)C[C@@H](C(C)C)C(=O)NCC(C)(C)C(N)=O)C(C)C)=C1
Durg::633,CC1(C)O[C@@H]2C[C@H]3[C@@H]4CCC5=CC(=O)C=C[C@]5(C)[C@H]4[C@@H](O)C[C@]3(C)[C@]2(C(=O)CO)O1
Durg::634,N[C@@H](CC(=O)N1CCn2c(nnc2C(F)(F)F)C1)Cc1cc(F)c(F)cc1F
Durg::635,CC[C@@H]([C@H](C)O)n1ncn(-c2ccc(N3CCN(c4ccc(OC[C@@H]5CO[C@@](Cn6cncn6)(c6ccc(F)cc6F)C5)cc4)CC3)cc2)c1=O
Durg::636,CC(C)CN(C[C@@H](O)[C@H](Cc1ccccc1)NC(=O)O[C@H]1CO[C@H]2OCC[C@@H]12)S(=O)(=O)c1ccc(N)cc1
Durg::637,CCN(CC)CCNC(=O)c1c(C)[nH]c(/C=C2\C(=O)Nc3ccc(F)cc32)c1C
Durg::638,c1cnc2cc3c(cc2n1)C1CNCC3C1
Durg::639,NNc1nncc2ccccc12
Durg::640,COc1nc(N)nc2c1ncn2[C@@H]1O[C@H](CO)[C@@H](O)[C@@H]1O
Durg::641,CC(C)(C)NCC(O)c1ccc(O)c(CO)n1
Durg::642,CC(C)CN(C[C@@H](OP(=O)(O)O)[C@H](Cc1ccccc1)NC(=O)O[C@H]1CCOC1)S(=O)(=O)c1ccc(N)cc1
Durg::643,O=C1NC(c2ccccc2)(c2ccccc2)C(=O)N1COP(=O)(O)O
Durg::644,CN1C(CSCC(F)(F)F)Nc2cc(Cl)c(S(N)(=O)=O)cc2S1(=O)=O
Durg::645,Cc1nnc(SCC2=C(C(=O)O)N3C(=O)[C@@H](NC(=O)Cn4cnnn4)[C@H]3SC2)s1
Durg::646,CCN1CCN(C(=O)N[C@@H](C(=O)N[C@@H]2C(=O)N3C(C(=O)O)=C(CSc4nnnn4C)CS[C@H]23)c2ccc(O)cc2)C(=O)C1=O
Durg::647,CO[C@@]1(NC(=O)C2SC(=C(C(N)=O)C(=O)O)S2)C(=O)N2C(C(=O)O)=C(CSc3nnnn3C)CS[C@@H]21
Durg::648,CO[C@@]1(NC(=O)Cc2cccs2)C(=O)N2C(C(=O)O)=C(COC(N)=O)CS[C@@H]21
Durg::649,CO/N=C(\C(=O)N[C@@H]1C(=O)N2C(C(=O)O)=CCS[C@H]12)c1csc(N)n1
Durg::650,CC(=O)O[C@H]1C[C@@H]2CC[C@@H]3[C@H](CC[C@@]4(C)[C@H]3C[C@H]([N+]3(C)CCCCC3)[C@@H]4OC(C)=O)[C@@]2(C)C[C@@H]1[N+]1(C)CCCCC1
Durg::651,CCOC(=O)[C@H](CCc1ccccc1)N[C@H]1CCCN2CCC[C@@H](C(=O)O)N2C1=O
Durg::652,[Li+]
Durg::653,CC(=O)N(CC(O)CO)c1c(I)c(C(=O)NCC(O)CO)c(I)c(C(=O)NCC(O)CO)c1I
Durg::654,CN[C@@H](C)[C@H](O)c1ccccc1
Durg::655,C#CCN[C@@H]1CCc2ccccc21
Durg::656,[Mg+2]
Durg::657,O=C([O-])O.[Na+]
Durg::658,CC(C)(Oc1ccc(CCNC(=O)c2ccc(Cl)cc2)cc1)C(=O)O
Durg::659,COc1cc2c(c(OC)c1OC)-c1ccc(OC)c(=O)cc1C(NC(C)=O)CC2
Durg::660,CN(C)C(=O)Oc1cccc([N+](C)(C)C)c1
Durg::661,C#C[C@]1(O)CC[C@H]2[C@@H]3CCC4=Cc5oncc5C[C@]4(C)[C@H]3CC[C@@]21C
Durg::662,C[N+]1(C)[C@H]2C[C@H](OC(=O)C(O)(c3cccs3)c3cccs3)C[C@@H]1[C@H]1O[C@@H]21
Durg::663,CC(C)C(=O)OCC(=O)[C@@]12O[C@H](C3CCCCC3)O[C@@H]1C[C@H]1[C@@H]3CCC4=CC(=O)C=C[C@]4(C)[C@H]3[C@@H](O)C[C@@]12C
Durg::664,CO/N=C(\C(=O)N[C@@H]1C(=O)N2C(C(=O)[O-])=C(C[N+]3(C)CCCC3)CS[C@H]12)c1csc(N)n1
Durg::665,COCC1=C(C(=O)O)N2C(=O)[C@@H](NC(=O)/C(=N\OC)c3csc(N)n3)[C@H]2SC1
Durg::666,NC[C@@H]1O[C@H](O[C@@H]2[C@@H](CO)O[C@@H](O[C@@H]3[C@@H](O)[C@H](N)C[C@H](N)[C@H]3O[C@H]3O[C@H](CO)[C@@H](O)[C@H](O)[C@H]3N)[C@@H]2O)[C@H](N)[C@@H](O)[C@@H]1O
Durg::667,Nc1cc(-c2ccncc2)c[nH]c1=O
Durg::668,O=C1CN=C(c2ccccn2)c2cc(Br)ccc2N1
Durg::669,CN[C@@H](C)Cc1ccccc1
Durg::670,C[C@H](CCC(=O)O)[C@H]1CC[C@H]2[C@@H]3[C@@H](O)C[C@@H]4C[C@H](O)CC[C@]4(C)[C@H]3CC[C@@]21C
Durg::671,O=C(O[C@H]1CN2CCC1CC2)N1CCc2ccccc2[C@@H]1c1ccccc1
Durg::672,O=C1CN=C(c2ccccc2)c2cc([N+](=O)[O-])ccc2N1
Durg::673,O=C(O)c1ccc(-n2nc(-c3ccccc3O)nc2-c2ccccc2O)cc1
Durg::674,CC(C)[C@H](N)C(=O)OCC(CO)OCn1cnc2c(=O)nc(N)[nH]c21
Durg::675,CCN(CCO)CCCC(C)Nc1ccnc2cc(Cl)ccc12
Durg::676,CCCCCON=O
Durg::677,CCc1c(C)[nH]c2c1C(=O)C(CN1CCOCC1)CC2
Durg::678,CN1CCN(CC/C=C2/c3ccccc3Sc3ccc(S(=O)(=O)N(C)C)cc32)CC1
Durg::679,CCC[C@@H]1C[C@@H](C(=O)N[C@H]([C@@H](C)O)[C@H]2O[C@H](SC)[C@H](O)[C@@H](O)[C@H]2O)N(C)C1
Durg::680,O=C(Nc1c(Cl)cncc1Cl)c1ccc(OC(F)F)c(OCC2CC2)c1
Durg::681,S=P(N1CC1)(N1CC1)N1CC1
Durg::682,CC(=O)O[C@]1(C(C)=O)CC[C@H]2[C@@H]3C=C(Cl)C4=CC(=O)[C@@H]5C[C@@H]5[C@]4(C)[C@H]3CC[C@@]21C
Durg::683,COc1cc2c(cc1OC)C1CC(=O)C(CC(C)C)CN1CC2
Durg::684,C/C(=C\c1csc(C)n1)[C@@H]1C[C@@H]2O[C@]2(C)CCC[C@H](C)[C@H](O)[C@@H](C)C(=O)C(C)(C)[C@@H](O)CC(=O)N1
Durg::685,OC(CNCC(O)C1CCc2cc(F)ccc2O1)C1CCc2cc(F)ccc2O1
Durg::686,CCN(CC)C(=O)C1(c2ccccc2)CC1CN
Durg::687,CC1(C)C(C=C(Cl)Cl)C1C(=O)OCc1cccc(Oc2ccccc2)c1
Durg::688,Nc1ccc(S(=O)(=O)[N-]c2ncccn2)cc1.[Ag+]
Durg::689,CN1C(=O)CC(C)(c2ccccc2)C1=O
Durg::690,NC(=O)c1cn(Cc2c(F)cccc2F)nn1
Durg::691,CC[C@@H](c1cccc(O)c1)[C@@H](C)CN(C)C
Durg::692,CC(=O)Oc1cc2c(s1)CCN(C(C(=O)C1CC1)c1ccccc1F)C2
Durg::693,Cc1ccccc1C(=O)Nc1ccc(C(=O)N2CCC[C@@H](O)c3cc(Cl)ccc32)c(C)c1
Durg::694,CN1CC2c3ccccc3Oc3ccc(Cl)cc3C2C1.O=C(O)/C=C\C(=O)O
Durg::695,O=C(NC[C@H]1CN(c2ccc(N3CCOCC3=O)cc2)C(=O)O1)c1ccc(Cl)s1
Durg::696,C[C@H]1CN(C[C@H](Cc2ccccc2)C(=O)NCC(=O)O)CC[C@@]1(C)c1cccc(O)c1
Durg::697,CO[C@H]1C[C@@H]2CC[C@@H](C)[C@@](O)(O2)C(=O)C(=O)N2CCCC[C@H]2C(=O)O[C@H]([C@H](C)C[C@@H]2CC[C@@H](OC(=O)C(C)(CO)CO)[C@H](OC)C2)CC(=O)[C@H](C)/C=C(\C)[C@@H](O)[C@@H](OC)C(=O)[C@H](C)C[C@H](C)/C=C/C=C/C=C/1C
Durg::698,N#C[C@@H]1C[C@@H]2C[C@@H]2N1C(=O)[C@@H](N)C12CC3CC(CC(O)(C3)C1)C2
Durg::699,CCCCCCCCCCNCCN[C@@]1(C)C[C@H](O[C@H]2[C@H](Oc3c4cc5cc3Oc3ccc(cc3Cl)[C@@H](O)[C@@H](NC(=O)[C@@H](CC(C)C)NC)C(=O)N[C@@H](CC(N)=O)C(=O)N[C@H]5C(=O)N[C@H]3C(=O)N[C@H](C(=O)N[C@H](C(=O)O)c5cc(O)c(CNCP(=O)(O)O)c(O)c5-c5cc3ccc5O)[C@H](O)c3ccc(c(Cl)c3)O4)O[C@H](CO)[C@@H](O)[C@@H]2O)O[C@@H](C)[C@H]1O
Durg::700,CCCCCCOC(=O)/N=C(/N)c1ccc(NCc2nc3cc(C(=O)N(CCC(=O)OCC)c4ccccn4)ccc3n2C)cc1
Durg::701,CNCCc1ccccn1
Durg::702,C[C@]1(O)CC[C@H]2[C@@H]3CCC4=CC(=O)CC[C@]4(C)[C@H]3CC[C@@]21C
Durg::703,c1ccc2c(CC3=NCCN3)cccc2c1
Durg::704,C[N@+]1(CC2CC2)CC[C@]23c4c5ccc(O)c4O[C@H]2C(=O)CC[C@@]3(O)[C@H]1C5
Durg::705,CCCCCCCCCCCCOCCOCCOCCOCCOCCOCCOCCOCCOCCO
Durg::706,Cc1c(O)c(=O)ccn1C
Durg::707,O=C(O)C[C@H](O)C[C@H](O)/C=C/c1c(C2CC2)nc2ccccc2c1-c1ccc(F)cc1
